EdXposed,4000,492,22,4000
golang-developer-roadmap-cn,3994,573,3,3994
posthog,3993,301,520,3993
Android-Daily-Interview,3993,540,228,3993
SoloPi,3992,835,94,3992
papercups,3986,246,106,3986
CKAD-exercises,3984,3093,25,3984
typescript-book-chinese,3976,412,30,3976
itlwm,3973,399,21,3973
TopList,3969,790,38,3969
kaggle-api,3961,798,175,3961
gpmall,3960,1641,47,3960
GLWTPL,3958,140,5,3958
phpinsights,3956,192,60,3956
type-challenges,3952,191,958,3952
automl,3949,1024,115,3949
awesome-lowcode,3946,379,5,3946
FreePAC,3942,702,0,3942
EntityComponentSystemSamples,3941,919,16,3941
compose-jb,3936,176,194,3936
FPSSample,3935,1523,97,3935
telescope,3935,383,2,3935
jetbrains-in-chinese,3927,1004,9,3927
xgplayer,3925,456,16,3925
xiaozhi,3915,543,266,3915
JGrowing,3911,851,21,3911
Front-End-Design-Checklist,3898,307,0,3898
present,3888,152,50,3888
awesome-system-design,3881,249,0,3881
managers-playbook,3880,297,0,3880
workflow,3879,772,10,3879
scalene,3878,137,14,3878
Waifu2x-Extension-GUI,3876,397,4,3876
SPTAG,3869,482,68,3869
meltdown,3866,516,4,3866
DeepNude-an-Image-to-Image-technology,3863,1638,0,3863
BrasilAPI,3863,296,58,3863
kbone,3863,367,21,3863
h5-Dooring,3858,696,13,3858
Spring-Boot-In-Action,3851,1323,14,3851
miragejs,3850,123,131,3850
front-end-handbook-2019,3835,443,11,3835
Z0FCourse_ReverseEngineering,3833,303,0,3833
ffmpeg.wasm,3830,156,49,3830
playroom,3823,159,43,3823
machine-learning-for-trading,3821,1216,7,3821
GPT2-Chinese,3821,966,55,3821
sktime,3819,509,124,3819
outline-server,3817,518,170,3817
goQuality-dev-contents,3817,696,1,3817
kornia,3815,378,87,3815
vugu,3815,150,75,3815
COVID-19,3814,2214,169,3814
TaskbarX,3814,157,182,3814
sqlx,3810,353,239,3810
v8n,3808,107,12,3808
jx,3805,737,64,3805
Beginner-Network-Pentesting,3804,1079,1,3804
streetmerchant,3801,1146,66,3801
devilutionX,3800,402,175,3800
uWebSockets.js,3799,287,16,3799
stats,3794,150,17,3794
FlutterScreens,3791,996,6,3791
swag-for-dev,3789,287,68,3789
onedrive,3789,445,12,3789
nginx-ui,3787,180,19,3787
ts-migrate,3785,113,29,3785
MegEngine,3784,398,27,3784
coobjc,3784,497,21,3784
RustScan,3783,314,65,3783
ApplicationInspector,3783,294,17,3783
kubebuilder,3779,746,90,3779
Go42,3774,567,3,3774
jd-assistant,3774,1488,25,3774
crater,3772,734,117,3772
kubeedge,3771,989,217,3771
tensorflow-docs,3769,483,1,3769
InterpretableMLBook,3765,597,6,3765
go-admin,3764,795,39,3764
web-skills,3762,360,35,3762
keystone,3760,476,78,3760
phoenix_live_view,3760,457,47,3760
gestalt,3760,290,14,3760
awesome-django,3760,654,3,3760
laravel-websockets,3760,355,79,3760
soul,3757,1356,24,3757
next,3748,383,397,3748
x-deeplearning,3739,968,118,3739
microsoft-ui-xaml,3739,375,1735,3739
DevYouTubeList,3738,567,18,3738
remax,3733,285,47,3733
fawkes,3725,363,22,3725
nbnhhsh,3722,174,21,3722
lets-get-arrested,3722,1107,81,3722
subconverter,3715,815,36,3715
form-generator,3713,952,71,3713
lucet,3712,149,70,3712
tinyraytracer,3708,220,12,3708
deep-reinforcement-learning,3708,1935,38,3708
city-roads,3707,261,23,3707
complete-intro-to-react-v5,3705,1236,41,3705
waypoint,3701,209,85,3701
serving,3692,775,170,3692
html-dom,3687,254,26,3687
learn-python3,3686,947,14,3686
bpftrace,3685,522,250,3685
pysot,3683,983,24,3683
WeChatRobot,3677,1535,0,3677
kedro,3676,429,80,3676
awesome-spring-boot,3673,872,2,3673
the-bread-code,3670,174,4,3670
ant-design-landing,3669,368,21,3669
v2ray-rules-dat,3669,444,2,3669
oatpp,3664,769,38,3664
bustag,3664,585,71,3664
fnm,3664,112,32,3664
craco,3663,211,29,3663
mindsdb,3661,437,47,3661
hyperf,3661,708,131,3661
craft.js,3655,271,78,3655
quick-SQL-cheatsheet,3655,506,8,3655
react-native-webview,3653,1795,123,3653
interesting-python,3652,1432,24,3652
live2d-widget,3651,1164,8,3651
nuclei,3649,462,45,3649
gitui,3648,138,52,3648
d2l-pytorch,3647,1071,10,3647
interpret,3643,452,68,3643
jd_sign_bot,3640,5913,41,3640
go-echarts,3639,321,24,3639
smartdns,3636,641,145,3636
chaosblade,3636,610,81,3636
js-dev-reads,3636,253,1,3636
OpenInTerminal,3625,158,25,3625
theme-ui,3623,462,81,3623
vueuse,3621,194,17,3621
tailwind-starter-kit,3620,452,1,3620
yolact,3619,936,270,3619
sqlalchemy,3616,572,171,3616
K8tools,3614,1701,13,3614
gods-pen,3614,626,15,3614
Bob,3611,263,71,3611
lamp-cloud,3603,1273,3,3603
github-contributions-chart,3600,153,15,3600
CocoaDebug,3596,378,25,3596
flink-training-course,3594,964,17,3594
subfinder,3594,526,10,3594
tech-interview-for-developer,3593,840,2,3593
gitpod,3592,444,329,3592
InternetArchitect,3590,2364,11,3590
krew,3590,226,21,3590
cssgridgenerator,3589,323,15,3589
taro-ui,3587,586,420,3587
awesome-self-supervised-learning,3587,564,6,3587
flutter-tutorials,3583,1397,29,3583
Logan,3582,552,67,3582
bulletproof-nodejs,3579,821,35,3579
IconPark,3575,165,87,3575
Game-Networking-Resources,3575,263,2,3575
AndroidProject,3573,782,2,3573
containers-roadmap,3568,187,788,3568
dragonboat,3567,354,5,3567
chezmoi,3562,190,47,3562
responder,3561,211,55,3561
SwiftUI,3560,360,3,3560
shanghai_house_knowledge,3554,465,5,3554
DevOps-Guide,3551,516,4,3551
PocketLCD,3549,573,26,3549
Unlock-netease-cloud-music,3546,481,4,3546
ticker,3546,176,21,3546
fbt,3545,141,23,3545
Python-Core-50-Courses,3543,1089,21,3543
awesome-resume,3540,458,0,3540
CyberEngineTweaks,3538,174,13,3538
TensorRT,3524,818,237,3524
pickr,3523,203,17,3523
wechat-format,3522,420,17,3522
onedev,3520,257,0,3520
vue-typescript-admin-template,3519,1234,39,3519
rebound,3518,332,23,3518
wails,3516,167,22,3516
swift-composable-architecture,3510,282,11,3510
formily,3509,389,7,3509
hands-on-ml-zh,3509,1508,19,3509
KnowledgeGraphData,3507,590,15,3507
OUCML,3505,1060,7,3505
druid,3503,277,222,3503
airframe-react,3500,507,31,3500
BERT-BiLSTM-CRF-NER,3498,1084,122,3498
Awesome-WAF,3498,654,0,3498
rust-raspberrypi-OS-tutorials,3495,226,1,3495
gitkube,3494,186,45,3494
Python-crawler-tutorial-starts-from-zero,3493,650,13,3493
athens,3493,397,147,3493
Free-SS-SSR,3492,487,1,3492
atlantis,3492,468,290,3492
bagisto,3490,1162,64,3490
provider,3490,310,12,3490
admin-bro,3486,285,152,3486
imagededup,3484,293,21,3484
tech-weekly,3484,670,8,3484
springcloud-learning,3483,1568,9,3483
cheatsheets,3483,428,14,3483
SlowFast,3480,679,187,3480
Actions-OpenWrt,3479,3831,25,3479
SwiftWebUI,3476,112,37,3476
brick-design,3474,523,19,3474
lively,3470,337,53,3470
semgrep,3469,144,193,3469
tidytuesday,3468,1366,148,3468
mvp,3467,134,1,3467
neutralinojs,3467,168,103,3467
medium-unlimited,3463,323,28,3463
buster,3463,272,13,3463
vit-pytorch,3461,375,30,3461
raytracing.github.io,3461,311,84,3461
wayne,3457,773,59,3457
torchdiffeq,3451,596,24,3451
distiller,3450,681,65,3450
k0s,3449,138,72,3449
FreeTube,3447,224,237,3447
commerce,3446,796,88,3446
promises,3444,236,14,3444
Front-End-Interview-Notebook,3443,814,5,3443
logseq,3442,195,568,3442
wasm3,3439,181,13,3439
autoscraper,3436,330,2,3436
one-python-craftsman,3436,578,9,3436
Gitter,3434,271,14,3434
csslayout,3431,218,10,3431
android-developer-roadmap,3430,469,6,3430
VancedManager,3429,177,11,3429
Deep-Reinforcement-Learning-Algorithms-with-PyTorch,3426,784,29,3426
sealos,3424,680,20,3424
deep-learning-papers-translation,3420,1130,1,3420
Object-Detection-Metrics,3418,794,1,3418
v2-ui,3418,1290,100,3418
shapez.io,3417,764,137,3417
springboot-guide,3416,1011,2,3416
chaos-mesh,3415,375,120,3415
pipx,3413,155,71,3413
giffun,3412,691,31,3412
spectre-meltdown-checker,3410,452,59,3410
TTS,3409,719,30,3409
vue,3407,989,11,3407
ESRGAN,3407,662,77,3407
30-seconds-of-react,3389,272,6,3389
RSPapers,3388,905,0,3388
MTProxy,3387,577,193,3387
50projects50days,3386,979,18,3386
QuantumKatas,3385,885,28,3385
machine_learning_basics,3385,665,0,3385
react-hooks-testing-library,3385,131,3,3385
awesome-reMarkable,3382,112,6,3382
TecoGAN,3381,675,62,3381
yaegi,3380,159,68,3380
AwesomeXSS,3375,574,4,3375
Tensorflow-Project-Template,3372,786,4,3372
BackgroundMattingV2,3372,366,8,3372
unstated-next,3371,108,50,3371
KubeOperator,3370,651,30,3370
pampy,3370,121,25,3370
Script,3368,2192,8,3368
htrace.sh,3364,195,4,3364
OneForAll,3359,650,18,3359
AutoEq,3359,766,19,3359
htmx,3358,113,58,3358
tonic,3357,318,91,3357
akshare,3356,679,2,3356
winget-pkgs,3356,923,211,3356
macOS_Big_Sur_icons_replacements,3353,202,659,3353
Thief,3352,334,58,3352
booster,3348,350,38,3348
swift-ui-animation-components-and-libraries,3347,345,0,3347
pyroscope,3346,125,47,3346
HDMI-PI,3346,444,16,3346
cwa-documentation,3345,337,57,3345
zinx,3343,600,59,3343
gibMacOS,3341,429,98,3341
tensorflow-yolov3,3340,1376,478,3340
go-interview,3332,347,0,3332
cskaoyan,3327,846,18,3327
certmagic,3325,158,6,3325
vue-vben-admin,3321,820,9,3321
flan,3320,244,26,3320
text-to-text-transfer-transformer,3315,451,49,3315
lite-youtube-embed,3309,123,17,3309
learn-react-app,3309,260,4,3309
DeepLearning,3306,799,5,3306
howtheytest,3305,220,3,3305
sofa-rpc,3305,978,46,3305
mellow,3298,419,12,3298
modern-normalize,3298,187,11,3298
python_for_data_analysis_2nd_chinese_version,3297,1483,10,3297
tye,3297,340,256,3297
Publii,3295,207,168,3295
wasm-pack,3292,217,216,3292
laravel-s,3290,400,29,3290
leetcode_company_wise_questions,3278,1071,1,3278
expose,3278,167,44,3278
rfcs,3277,356,74,3277
Publish,3273,215,18,3273
awesome-cs-books,3272,525,2,3272
Ultralight,3270,146,156,3270
adanet,3270,514,66,3270
CrookedStyleSheets,3270,132,8,3270
Modlishka,3266,642,72,3266
percollate,3264,124,8,3264
BlockChain,3264,1048,16,3264
vxe-table,3263,500,221,3263
decentralized-video-chat,3259,436,36,3259
hexo-theme-matery,3256,882,122,3256
darts,3254,719,83,3254
esphome,3251,889,139,3251
monitoror,3250,130,56,3250
Financial-Models-Numerical-Methods,3249,519,0,3249
instantbox,3247,214,5,3247
pennywise,3245,176,45,3245
a32nx,3245,545,544,3245
minigo,3242,531,78,3242
full-speed-python,3239,478,0,3239
RemixIcon,3237,197,148,3237
AmnesiaTheDarkDescent,3237,322,12,3237
xboot,3234,1179,3,3234
flukit,3232,384,10,3232
Ai-Learn,3232,906,18,3232
ChineseNlpCorpus,3231,958,17,3231
reverse-proxy,3231,265,116,3231
leetcode_101,3226,539,10,3226
albert_zh,3223,650,89,3223
CLIP,3219,301,21,3219
glorious-demo,3216,107,8,3216
tensorflow-handbook,3214,755,18,3214
OpenClash,3210,771,340,3210
guppy,3209,167,74,3209
nerf,3209,438,40,3209
ferry,3209,515,13,3209
delta,3208,738,190,3208
DALI,3208,393,199,3208
OpenTTD,3205,460,174,3205
covid-19-data,3204,1751,14,3204
Reinforcement-Learning,3203,447,3,3203
segmentation_models.pytorch,3202,646,160,3202
hope-boot,3201,683,0,3201
voila,3199,314,218,3199
scylla,3198,399,45,3198
wildcat-vip-account,3197,395,0,3197
deploy-your-own-saas,3196,174,0,3196
crossplane,3187,315,204,3187
Orca,3185,183,15,3185
fuzzDicts,3184,1314,0,3184
hetty,3183,173,28,3183
trojan-go,3180,779,60,3180
server,3178,163,10,3178
PandaOCR,3178,456,42,3178
handcalcs,3176,222,8,3176
k3sup,3176,210,27,3176
autoComplete.js,3174,203,16,3174
data-transfer-project,3174,316,107,3174
Awesome-Android-Interview,3174,626,8,3174
pycaret,3172,684,201,3172
robotstxt,3172,193,7,3172
Golang-100-Days,3166,1116,18,3166
react-proto,3163,210,10,3163
binance-trade-bot,3162,532,42,3162
k8s-for-docker-desktop,3162,711,19,3162
pigo,3161,215,3,3161
ELF,3160,555,44,3160
inKino,3160,581,29,3160
org-roam,3160,243,139,3160
itty-bitty,3158,238,26,3158
fff,3156,128,44,3156
MTMR,3155,172,161,3155
ant-design-blazor,3153,423,120,3153
dragonwell8,3151,388,29,3151
lightweight-charts,3148,508,75,3148
SC-FEGAN,3145,504,36,3145
RedditOS,3143,148,7,3143
machinelearning-samples,3140,2031,110,3140
Nodejs-Developer-Roadmap,3139,372,4,3139
views-widgets-samples,3135,1598,145,3135
bullet,3134,101,31,3134
password-manager-resources,3134,289,50,3134
go-ast-book,3131,381,2,3131
SwiftUI,3131,312,3,3131
dubbo-admin,3129,1703,107,3129
berry,3127,402,244,3127
CRMEB,3127,909,23,3127
awesome-learning-resources,3126,577,0,3126
boringtun,3124,142,51,3124
deep-daze,3124,196,41,3124
oak,3123,160,25,3123
SwiftUI-Cheat-Sheet,3121,195,4,3121
AspNetCoreDiagnosticScenarios,3120,333,17,3120
eleventy-high-performance-blog,3117,186,4,3117
bandit,3115,319,168,3115
CrewLink,3111,555,286,3111
open-project-1,3111,1193,43,3111
effector,3110,121,35,3110
awesome-reactnative-ui,3107,304,17,3107
Deep-Learning-Roadmap,3107,319,1,3107
dagster,3105,332,569,3105
nightingale,3104,568,67,3104
bert4keras,3101,572,61,3101
WebServer,3098,1140,80,3098
deep-high-resolution-net.pytorch,3098,726,159,3098
kubernetes-workshop,3096,214,4,3096
segmentation_models,3096,721,166,3096
ChartView,3095,349,63,3095
tensortrade,3094,716,27,3094
html-css,3092,768,59,3092
dubbo-go,3088,519,36,3088
autogluon,3088,401,122,3088
Production-Level-Deep-Learning,3087,442,4,3087
social_mapper,3080,722,15,3080
XUI,3078,545,3,3078
juicefs,3076,203,13,3076
crowdsec,3075,147,49,3075
shhgit,3071,387,25,3071
FlutterUnit,3071,431,40,3071
composition-api,3071,230,38,3071
technical-books,3069,631,2,3069
Dive-into-DL-TensorFlow2.0,3067,708,19,3067
verona,3067,135,32,3067
tensorwatch,3066,334,50,3066
awesome-operators,3065,402,1,3065
Summer2021-Internships,3063,351,2,3063
react-flow,3060,192,38,3060
Cheatsheet-God,3060,992,1,3060
Java-Interview-Advanced,3059,1366,8,3059
trfl,3057,375,6,3057
SiamMask,3056,765,140,3056
awesome-gpt3,3055,214,8,3055
vue-cli-plugin-electron-builder,3053,192,29,3053
bypass-paywalls-firefox,3053,188,43,3053
traitor,3044,151,11,3044
The-Flask-Mega-Tutorial-zh,3041,908,1,3041
Photon,3041,287,14,3041
keda,3041,337,204,3041
trino,3039,1008,1414,3039
SwiftUIX,3039,165,6,3039
tide,3037,275,114,3037
getx,3037,440,144,3037
body-scroll-lock,3037,265,83,3037
store,3036,336,83,3036
pytorch-summary,3036,361,116,3036
ScoutSuite,3035,438,177,3035
pytorch-yolo-v3,3031,1001,104,3031
katran,3030,326,10,3030
jest-puppeteer,3028,249,66,3028
eksctl,3027,724,147,3027
awesome-golang-algorithm,3026,130,2,3026
stride,3025,525,291,3025
Awesome-WSL,3024,154,1,3024
sofa-jarslink,3024,712,16,3024
Intranet_Penetration_Tips,3021,828,0,3021
budibase,3021,137,55,3021
PyTorch_Tutorial,3016,981,17,3016
pwa,3015,104,18,3015
100-Days-of-ML-Code-Chinese-Version,3014,861,7,3014
nutui,3012,388,41,3012
linux-network-performance-parameters,3012,325,4,3012
Osmedeus,3011,601,72,3011
UETool,3008,296,2,3008
model_search,3007,281,36,3007
CSS-Keylogging,3007,431,0,3007
winforms,3006,537,398,3006
awesome-home-assistant,3006,239,14,3006
akita,3004,278,21,3004
uber_go_guide_cn,3003,546,3,3003
server-components-demo,3001,374,21,3001
GGEditor,3001,489,271,3001
learn_math_fast,3000,601,3,3000
mand-mobile,2997,629,30,2997
mosn,2992,558,129,2992
pagedraw,2992,377,49,2992
Blog.Core,2991,898,1,2991
sqlc,2990,175,126,2990
medium-to-own-blog,2986,105,12,2986
wavefunctioncollapse,2986,350,3,2986
algo,2984,323,0,2984
react-flip-toolkit,2982,103,25,2982
flutter_swiper,2981,443,215,2981
HackBrowserData,2979,545,6,2979
eladmin-web,2978,1926,1,2978
pytorch-metric-learning,2977,401,37,2977
Assemblies-of-putative-SARS-CoV2-spike-encoding-mRNA-sequences-for-vaccines-BNT-162b2-and-mRNA-1273,2976,490,0,2976
Hub,2974,228,29,2974
gsy_flutter_book,2972,376,1,2972
Data-Competition-TopSolution,2972,843,5,2972
pytorch-doc-zh,2971,856,28,2971
3DDFA,2967,573,42,2967
react-lifecycle-methods-diagram,2965,224,9,2965
markdown-nice,2964,435,67,2964
h-player-v2,2963,649,40,2963
certificates,2962,192,77,2962
jina,2962,421,85,2962
zfile,2960,666,16,2960
fanhaodaquan,2960,607,40,2960
openvslam,2959,771,207,2959
kratos,2957,261,119,2957
Penetration_Testing_POC,2951,1012,0,2951
iDataV,2951,1053,5,2951
Deep_reinforcement_learning_Course,2948,1078,43,2948
Emergency-Response-Notes,2948,834,4,2948
Games,2945,1651,10,2945
FATE,2944,862,288,2944
Algojammer,2942,105,10,2942
ALAE,2939,469,33,2939
PyOxidizer,2938,109,199,2938
polkadot,2938,618,260,2938
material-table,2938,919,204,2938
awesome-deno,2934,174,8,2934
Weekly-FE-Interview,2929,348,38,2929
material-kit-react,2925,1073,4,2925
Trojan-Qt5,2921,752,166,2921
LOLBAS,2919,484,34,2919
CodingInterviews,2919,685,9,2919
document-library,2917,504,0,2917
itstack-demo-design,2917,842,23,2917
WTM,2917,663,48,2917
text-to-handwriting,2915,577,28,2915
RxFFmpeg,2913,500,110,2913
sha256-animation,2911,111,0,2911
ion,2909,360,7,2909
pytorch-YOLOv4,2907,874,240,2907
MagazineLayout,2907,183,9,2907
Java-concurrency,2906,960,20,2906
FE-Interview,2903,397,1030,2903
onefetch,2897,134,8,2897
nevergrad,2892,278,82,2892
PanModal,2887,290,45,2887
wireguard-docs,2887,198,9,2887
FluidFramework,2886,216,496,2886
flutter_ui_challenges,2886,1013,7,2886
olivia,2885,271,18,2885
polybar-themes,2883,261,18,2883
BackgroundLibrary,2882,384,5,2882
over-golang,2876,611,0,2876
chartify,2873,261,46,2873
stockpredictionai,2873,1384,287,2873
AIDungeon,2871,463,64,2871
inertia,2870,149,48,2870
form-create,2870,516,15,2870
fl_chart,2868,654,100,2868
simpledet,2866,483,42,2866
tuya-convert,2864,359,125,2864
legado,2864,606,120,2864
mobile-ffmpeg,2862,536,46,2862
TNT-Weekly,2860,217,2,2860
Python-100-Days,2860,1054,25,2860
frontend-tech-list,2859,402,2,2859
focalboard,2859,136,70,2859
gloo,2857,270,647,2857
Hacking-Security-Ebooks,2857,617,13,2857
Behinder,2856,654,77,2856
v4,2855,1358,3,2855
zhihu-flutter,2855,490,7,2855
Windows-10-Sophia-Script,2854,334,1,2854
video2x,2848,303,68,2848
ultimate-python,2848,270,1,2848
ristretto,2846,161,13,2846
transformer-xl,2845,632,87,2845
BiliBiliTool,2842,4226,22,2842
dispatch,2841,240,8,2841
CloverBootloader,2840,417,11,2840
AdaBound,2840,327,16,2840
flutter-ui-nice,2840,503,7,2840
arduino-cli,2839,251,185,2839
ECMAScript-new-features-list,2839,367,3,2839
Deep-Learning-Interview-Book,2839,710,5,2839
async-std,2836,272,163,2836
bistoury,2836,589,40,2836
baritone,2836,726,577,2836
MikuTools,2835,497,2,2835
service-fabric,2834,363,693,2834
infracost,2833,107,54,2833
pixelfed,2833,332,195,2833
tencent-ml-images,2833,482,44,2833
okhttp-RxHttp,2830,338,7,2830
flagger,2830,380,91,2830
ultimate-coding-resources,2829,326,0,2829
next-seo,2827,149,34,2827
developer_quest,2826,536,36,2826
sandboxie,2824,595,58,2824
virtual-environments,2822,1053,49,2822
ShapeOfView,2820,382,46,2820
lin-ui,2818,359,46,2818
usehooks,2816,157,49,2816
Tensorflow-Cookbook,2814,495,1,2814
mikro-orm,2812,165,56,2812
android-mvp-mvvm-flytour,2811,692,8,2811
zio,2810,817,355,2810
dowhy,2809,409,25,2809
canvas-sketch,2809,181,44,2809
nsfw_data_source_urls,2808,669,5,2808
AloeStackView,2807,163,24,2807
pure-sh-bible,2805,132,25,2805
daytripper,2805,121,1,2805
fluentui-system-icons,2803,179,43,2803
i-hate-regex,2802,169,18,2802
vue-patterns,2800,210,6,2800
AarogyaSetu_Android,2800,1481,437,2800
liquid-swipe,2797,301,8,2797
element3,2797,956,39,2797
QASystemOnMedicalKG,2796,1222,34,2796
SinGAN,2792,521,87,2792
jupiter,2791,442,48,2791
kube-hunter,2791,398,39,2791
15-minute-apps,2790,769,24,2790
White-box-Cartoonization,2790,493,42,2790
igniter,2790,628,18,2790
DifferenceKit,2788,186,20,2788
Detectron.pytorch,2786,574,123,2786
LiteratureDL4Graph,2785,552,5,2785
flutter_vignettes,2783,636,5,2783
ArtLine,2783,260,16,2783
AI-Job-Notes,2780,504,1,2780
kit,2777,145,150,2777
tianshou,2776,459,25,2776
model-viewer,2776,342,109,2776
TCN,2775,651,6,2775
Painter,2773,400,88,2773
url,2773,473,51,2773
under-the-hood,2772,329,3,2772
hub,2772,1492,37,2772
pizza-dough,2771,152,24,2771
python-is-cool,2771,448,2,2771
Awesome-PyTorch-Chinese,2769,665,2,2769
Deep-Learning-in-Production,2767,439,3,2767
PhotoEditor,2766,715,81,2766
ko,2766,162,31,2766
byteps,2765,386,86,2765
starrtc-android-demo,2765,725,97,2765
datasets,2761,1003,438,2761
twitter-scraper,2760,477,46,2760
awesome-Face_Recognition,2758,709,5,2758
pytorch-seq2seq,2756,762,32,2756
course-nlp,2755,1252,46,2755
AD-Attack-Defense,2755,722,1,2755
laravel-query-builder,2753,239,13,2753
glow,2750,476,61,2750
TarsGo,2749,441,18,2749
shan-shui-inf,2749,195,8,2749
docs,2749,14463,100,2749
jetstream,2749,508,2,2749
wukong-robot,2748,778,4,2748
AnimeGAN,2747,432,9,2747
LASER,2746,327,56,2746
koalas,2744,305,113,2744
PyTorch-BigGraph,2743,371,41,2743
police-brutality,2742,244,26,2742
layuimini,2742,794,27,2742
just-react,2741,211,24,2741
thanks,2740,136,7,2740
duckdb,2740,189,197,2740
iOS-InterviewQuestion-collection,2739,633,14,2739
editly,2738,112,51,2738
Java-Interview,2737,793,1,2737
effective-java-3e-source-code,2733,1311,13,2733
Real_Time_Image_Animation,2732,407,23,2732
awesome-domain-adaptation,2731,546,0,2731
CLRS,2730,876,63,2730
topology,2730,673,8,2730
FreeSql,2729,575,87,2729
docs,2725,869,91,2725
nbdev,2724,274,32,2724
react-native-reanimated-bottom-sheet,2721,289,170,2721
tacotron2,2721,826,97,2721
cue,2719,177,180,2719
LiveEventBus,2715,340,79,2715
flutter-osc,2715,519,9,2715
bertviz,2712,447,11,2712
awesome-code-review,2711,222,18,2711
GTAO_Booster_PoC,2709,189,15,2709
graphql-shield,2708,121,46,2708
camera-samples,2706,1366,42,2706
aresdb,2704,204,26,2704
ResNeSt,2704,430,36,2704
rengine,2703,395,82,2703
C4-PlantUML,2703,577,18,2703
FluidTransitions,2695,195,69,2695
cxx,2694,120,106,2694
nanodet,2690,464,62,2690
flutter_easyrefresh,2689,453,56,2689
deep-person-reid,2689,770,41,2689
mpx,2689,258,30,2689
PowerJob,2686,417,12,2686
androidx,2685,291,8,2685
DeleteFB,2683,187,24,2683
recommended-books,2680,852,0,2680
image-super-resolution,2678,519,66,2678
Pluto.jl,2678,135,162,2678
Pine,2676,111,39,2676
Alink,2675,613,20,2675
open_spiel,2674,532,43,2674
awesome-database-learning,2674,300,0,2674
supercookie,2672,148,7,2672
illustrated-tls,2671,165,6,2671
metrics,2670,126,5,2670
gif-for-cli,2669,147,14,2669
form-render,2669,327,10,2669
notion-py,2668,311,122,2668
PhoenixGo,2668,540,18,2668
SHADERed,2667,127,42,2667
libaco,2666,294,23,2666
amplication,2663,108,105,2663
football,2663,924,12,2663
mxflutter,2661,307,5,2661
swift-algorithms,2657,157,20,2657
watermill,2656,151,42,2656
hiper,2653,168,14,2653
next-plugins,2652,345,30,2652
Riru,2652,285,3,2652
archive-program,2652,224,12,2652
LearnMiniProgram,2652,267,2,2652
Linkage-RecyclerView,2650,340,4,2650
WebAssemblyStudio,2650,226,114,2650
Heimdall,2649,227,143,2649
pull,2649,411,4,2649
personal-server,2643,144,0,2643
albert,2641,486,90,2641
opendevops,2640,791,45,2640
mtSecKill,2639,2051,184,2639
HandyControl,2638,567,92,2638
worker-dom,2637,119,77,2637
TensorFlow-Object-Detection-API-Tutorial-Train-Multiple-Objects-Windows-10,2636,1234,388,2636
TABAnimated,2636,430,17,2636
AndroidKnowledgeSystem,2635,393,7,2635
jumpcutter,2635,444,143,2635
awesome-point-cloud-analysis,2634,663,4,2634
nlp-architect,2632,419,23,2632
bank_interview,2631,390,5,2631
AreaCity-JsSpider-StatsGov,2629,519,8,2629
hexo-theme-fluid,2629,481,5,2629
microservices-platform,2628,1125,1,2628
foliate,2627,138,181,2627
PocketFlow,2625,497,73,2625
igel,2624,122,7,2624
Reactive-Resume,2621,436,71,2621
interview,2619,287,1,2619
uView,2618,495,638,2618
Telegram-iOS,2617,720,205,2617
awesome-go-cn,2617,299,4,2617
SNIPER,2615,439,113,2615
Mastering_Go_ZH_CN,2613,320,1,2613
isocity,2612,133,0,2612
Glider.js,2612,231,55,2612
gpt-2-simple,2612,551,145,2612
blog,2611,412,64,2611
Learn_Deep_Learning_in_6_Weeks,2609,903,2,2609
Parsr,2608,118,28,2608
core,2607,304,8,2607
pikvm,2605,143,59,2605
IdentityServer4.Admin,2605,816,202,2605
Musish,2603,199,143,2603
can-it-be-done-in-react-native,2600,725,62,2600
datascience,2598,461,1,2598
chibicc,2598,156,30,2598
BaoTa,2598,654,44,2598
rust-blog,2598,111,2,2598
dlwpt-code,2595,1023,34,2595
DALLE-pytorch,2594,217,42,2594
tensorflow-internals,2594,551,15,2594
dlrm,2594,585,14,2594
FCOS,2593,517,161,2593
ECommerceCrawlers,2593,847,9,2593
renren-fast-vue,2590,1297,39,2590
covid-chestxray-dataset,2588,1035,35,2588
open_model_zoo,2588,912,87,2588
zod,2587,109,62,2587
ferdi,2586,146,436,2586
nn,2585,121,2,2585
galio,2582,275,48,2582
Best-README-Template,2579,5760,6,2579
Learn_Data_Science_in_3_Months,2577,1023,9,2577
Go-Questions,2575,349,1,2575
braft,2574,613,68,2574
jshistory-cn,2573,191,7,2573
Baidu-XunleiVIP,2571,229,4,2571
komiser,2571,191,29,2571
Super-SloMo,2571,442,18,2571
sso,2570,154,76,2570
Magic-Grid,2569,111,17,2569
matplotlib-cheatsheet,2568,364,1,2568
materialize,2565,156,872,2565
training,2564,471,36,2564
EverythingToolbar,2563,170,30,2563
Awesome-Android-Notebook,2563,832,4,2563
sorbet,2562,272,456,2562
tfsec,2562,198,214,2562
tf-quant-finance,2562,329,16,2562
doesitarm,2559,113,56,2559
imove,2559,206,20,2559
go-fastdfs,2557,489,2,2557
vue-content-loader,2556,133,5,2556
zfaka,2555,919,124,2555
async-storage,2552,304,18,2552
wave,2548,112,169,2548
tensorflow_macos,2548,160,175,2548
codeql,2547,536,415,2547
Scarlet,2544,177,78,2544
r0capture,2544,523,0,2544
popeye,2542,147,33,2542
gotenberg,2539,189,71,2539
ProxySU,2538,982,19,2538
NeMo,2537,451,198,2537
euler,2535,516,205,2535
web-clipper,2533,214,83,2533
oh-my-wechat,2532,364,5,2532
Dango-Translator,2531,282,22,2531
graphql-flutter,2530,372,73,2530
CPython-Internals,2530,254,2,2530
GW-BASIC,2529,383,0,2529
dom-testing-library,2529,370,61,2529
awesome-reverse-engineering,2529,509,1,2529
microfrontends,2529,280,0,2529
DocHub,2526,625,54,2526
linkedin-skill-assessments-quizzes,2526,1893,34,2526
JavaInterview,2524,612,4,2524
WWDC,2523,137,1,2523
shell,2523,121,198,2523
materials,2520,3188,32,2520
catalyst,2520,306,10,2520
ShameCom,2519,162,5,2519
BILIBILI-HELPER,2518,3335,36,2518
automagica,2516,394,30,2516
awesome-personal-blogs,2514,196,11,2514
CalendarView,2513,287,8,2513
AV_Data_Capture,2511,567,167,2511
TNN,2511,416,123,2511
taobao-11-11,2510,1006,149,2510
auxpi,2509,348,19,2509
grpc-dotnet,2507,458,46,2507
pytorch-OpCounter,2507,328,35,2507
larastan,2506,168,35,2506
FairMOT,2504,572,215,2504
espurna,2504,584,313,2504
blog,2504,295,4,2504
Yosoro,2497,397,61,2497
JavaScript-Algorithms,2497,297,151,2497
page-skeleton-webpack-plugin,2496,386,99,2496
hekate,2495,315,16,2495
dumpDex,2494,520,37,2494
awesomefluttertips,2492,210,6,2492
FaceDetection-DSFD,2489,645,58,2489
DevUtils-app,2487,106,22,2487
TinyWebServer,2486,830,22,2486
CS-Notes,2485,373,1,2485
interview-questions,2484,303,0,2484
flutter_screenutil,2484,296,4,2484
ML-notes,2481,731,3,2481
exphub,2480,716,4,2480
lit,2480,250,45,2480
canner,2479,144,41,2479
awesome-stacks,2478,156,6,2478
folio-2019,2475,378,14,2475
dynamic-datasource-spring-boot-starter,2473,669,4,2473
bilibili-API-collect,2472,292,39,2472
material-components-web-components,2472,380,215,2472
cocos-bcx-node-bin,2472,305,40,2472
Fomantic-UI,2471,250,256,2471
Archery,2471,909,69,2471
wxa-plugin-canvas,2469,417,127,2469
leetcode,2468,720,2,2468
txqr,2467,140,10,2467
howdy,2465,157,78,2465
real-url,2465,570,112,2465
goku-api-gateway,2462,525,7,2462
scripts,2462,843,46,2462
