Name,Subreddit Exists?,Number of Posts in Programming Subreddit,Number of Subscribers,Number of Active Subscribers
awesome-java-books,No,2,0
jukebox,Yes,4,TBD
vit-pytorch,No,0,0
v2ray-rules-dat,No,0,0
metaflow,Yes,2,TBD
vscode-browser-preview,No,0,0
luban-h5,No,0,0
pwnagotchi,Yes,1,TBD
workflow,Yes,235,TBD
Pokedex,Yes,9,TBD
tinygrad,Yes,1,TBD
Nuklear,Yes,2,TBD
cheatsheets,Yes,107,TBD
h5-Dooring,No,0,0
TaskbarX,No,2,0
clean-code-typescript,No,0,0
beginner-javascript,No,44,0
996ICU,No,0,0
itlwm,No,0,0
1loc,No,0,0
hydra,Yes,17,TBD
calendso,No,1,0
AidLearning-FrameWork,No,0,0
python_interview_question,No,9,0
tailscale,Yes,1,TBD
automl,Yes,4,TBD
starter-workflows,No,0,0
hidden,Yes,223,TBD
stats,Yes,165,TBD
996.Leave,No,0,0
Background-Matting,No,0,0
winbox,No,1,0
vue-vben-admin,No,0,0
charts.css,No,9,0
papercups,Yes,1,TBD
any-rule,No,18,0
data-science-interviews,No,6,0
collapseos,Yes,1,TBD
streetmerchant,No,0,0
binance-trade-bot,No,1,0
algodeck,No,0,0
polynote,Yes,1,TBD
ERNIE,Yes,0,TBD
The-Documentation-Compendium,No,0,0
semgrep,No,4,0
tlroadmap,No,0,0
posthog,Yes,2,TBD
vueuse,No,0,0
twin.macro,No,0,0
docs,Yes,225,TBD
gameboy.live,No,0,0
icons,Yes,182,TBD
nuclei,Yes,1,TBD
gitui,No,2,0
form-generator,No,25,0
ffmpeg.wasm,No,0,0
Waifu2x-Extension-GUI,No,0,0
EdXposed,No,0,0
obs-mac-virtualcam,No,0,0
blocks,Yes,226,TBD
BaiduYunVIP,No,0,0
Android-Daily-Interview,No,0,0
FreePAC,No,0,0
deep-learning-roadmap,No,1,0
phpinsights,No,0,0
neovide,No,0,0
SoloPi,No,0,0
super-expressive,No,1,0
fawkes,Yes,0,TBD
vugu,No,2,0
RustScan,No,0,0
sqlx,No,1,0
jotai,No,0,0
czkawka,No,0,0
awesome-system-design,No,3,0
go-admin,No,16,0
awesome-libra,No,0,0
golang-developer-roadmap-cn,No,0,0
formily,No,0,0
gpmall,No,0,0
BrasilAPI,No,0,0
xiaozhi,No,0,0
fnm,Yes,0,TBD
crater,No,1,0
